üçΩ  FAMILY DINNER DATABASE,,,,,
iCal Automation  ‚Üí  GPT Fuzzy Match  ‚Üí  Grocery List,,,,,
,,,,,
Recipe Name,Category,Source URL,Ingredients,Alias Keywords,Last Used
Ceviche,Dinner Ideas,https://www.foodnetwork.com/recipes/food-network-kitchen/classic-ceviche-recipe-2106528,White Fish (sashimi grade) | Lime Juice | Lemon Juice | Roma Tomatoes | Cucumber | Red Onion | Jalape√±o | Cilantro | Avocado | Olive Oil | Salt | Tortilla Chips,ceviche | fish ceviche | lime fish | raw fish,
Lemon Halibut,Dinner Ideas,https://www.foodnetwork.com/recipes/giada-de-laurentiis/halibut-with-lemon-butter-and-capers-recipe-2103511,Halibut Fillets | Butter | Lemon Juice | Capers | Garlic | White Wine | Fresh Parsley | Salt | Black Pepper | Olive Oil,halibut | lemon halibut | lemon butter fish | halibut with capers | pan seared halibut,
Kabobs,Dinner Ideas,https://www.foodnetwork.com/recipes/food-network-kitchen/the-best-shish-kebabs-recipe-2043146,Beef Sirloin | Red Bell Pepper | Yellow Bell Pepper | Green Bell Pepper | Red Onion | Mushrooms | Zucchini | Olive Oil | Soy Sauce | Garlic | Worcestershire Sauce | Salt | Black Pepper | Skewers,kabobs | kebabs | shish kebab | grilled kabobs | beef kabobs | skewers,
Margarita Chicken Tacos,Dinner Ideas,https://www.foodnetwork.com/recipes/guy-fieri/red-rocker-margarita-chicken-recipe-1947357,Chicken Breast | Tequila | Lime Juice | Olive Oil | Garlic | Cumin | Chili Powder | Salt | Black Pepper | Flour Tortillas | Shredded Cabbage | Sour Cream | Fresh Cilantro | Lime Wedges,margarita tacos | chicken tacos | tequila chicken tacos | lime chicken tacos,
Chicken Quinoa Bowl,Dinner Ideas,https://www.foodnetwork.com/recipes/ree-drummond/chicken-quinoa-bowl-recipe-2120490,Chicken Breast | Quinoa | Olive Oil | Lemon Juice | Garlic | Cherry Tomatoes | Cucumber | Red Onion | Kalamata Olives | Feta Cheese | Fresh Parsley | Salt | Black Pepper,quinoa bowl | chicken quinoa | grilled chicken bowl | quinoa salad bowl,
Chicken Rolls,Dinner Ideas,https://www.foodnetwork.com/recipes/rotisserie-chicken-rolls-with-sesame-ginger-sauce-12408436,Rotisserie Chicken | Hoagie Rolls | Sesame Oil | Soy Sauce | Rice Vinegar | Fresh Ginger | Garlic | Honey | Sesame Seeds | Shredded Cabbage | Sliced Green Onions | Salt,chicken rolls | sesame ginger rolls | asian chicken rolls | chicken hoagies | ginger chicken rolls,
Brined Pork with Smashed Potatoes,Dinner Ideas,https://www.foodnetwork.com/recipes/pickle-brined-pork-chops-with-mushroom-escabeche-and-smashed-potatoes-2043146,Pork Chops | Baby Potatoes | Dill Pickles | Apple Cider Vinegar | Brown Sugar | Garlic | Mushrooms | Red Wine Vinegar | Red Onion | Olive Oil | Fresh Dill | Salt | Black Pepper | Butter,brined pork | pork chops | smashed potatoes | pickle pork | pork and potatoes,
Caprese Salad,Dinner Ideas,https://www.foodnetwork.com/recipes/rachael-ray/caprese-salad-recipe-1914410,Fresh Mozzarella | Roma Tomatoes | Fresh Basil | Balsamic Glaze | Olive Oil | Salt | Black Pepper,caprese | caprese salad | mozzarella tomato salad | italian salad | tomato basil salad,
Twirly Pasta,Dinner Ideas,https://www.foodnetwork.com/recipes/food-network-kitchen/fusilli-with-spinach-and-asiago-cheese-recipe-1915277,Fusilli Pasta | Baby Spinach | Asiago Cheese | Garlic | Olive Oil | Cherry Tomatoes | Red Pepper Flakes | Parmesan Cheese | Salt | Black Pepper,twirly pasta | fusilli | asiago pasta | spinach pasta | pasta with asiago | cheesy pasta | cherry tomato pasta,
Chicken Piccata,Dinner Ideas,https://www.foodnetwork.com/recipes/giada-de-laurentiis/chicken-piccata-recipe-1942286,Chicken Breast | All-Purpose Flour | Butter | Olive Oil | White Wine | Chicken Broth | Lemon Juice | Capers | Fresh Parsley | Salt | Black Pepper | Eggs,piccata | chicken piccata | lemon caper chicken | italian chicken | pan chicken,
Baked Potatoes,Dinner Ideas,https://www.foodnetwork.com/recipes/ina-garten/baked-potatoes-recipe-1940128,Russet Potatoes | Olive Oil | Salt | Butter | Sour Cream | Cheddar Cheese | Chives | Bacon Bits,baked potatoes | loaded potatoes | potato bar | stuffed potatoes,
Honey Glazed Salmon,Dinner Ideas,https://www.foodnetwork.com/recipes/food-network-kitchen/the-best-honey-glazed-salmon-recipe-2043133,Salmon Fillets | Honey | Soy Sauce | Garlic | Olive Oil | Lemon Juice | Dijon Mustard | Salt | Black Pepper | Fresh Parsley,salmon | honey salmon | glazed salmon | baked salmon | salmon dinner,
Pork and Sweet Potatoes,Dinner Ideas,https://www.foodnetwork.com/recipes/food-network-kitchen/roast-pork-and-sweet-potatoes-2043146,Pork Tenderloin | Sweet Potatoes | Olive Oil | Garlic | Rosemary | Thyme | Brown Sugar | Salt | Black Pepper | Butter,pork tenderloin | pork and sweet potatoes | roast pork | sweet potato pork,
Chicken Noodle Soup,Dinner Ideas,https://www.foodnetwork.com/recipes/ina-garten/chicken-noodle-soup-recipe-1940636,Whole Chicken | Egg Noodles | Carrots | Celery | Yellow Onion | Garlic | Chicken Broth | Fresh Dill | Salt | Black Pepper | Butter | Bay Leaves,chicken soup | noodle soup | chicken noodle | comfort soup | homemade soup,
Chili,Dinner Ideas,https://www.foodnetwork.com/recipes/ree-drummond/simple-perfect-chili-recipe-1940106,Ground Beef | Kidney Beans | Diced Tomatoes | Tomato Paste | Yellow Onion | Bell Pepper | Garlic | Chili Powder | Cumin | Paprika | Cayenne Pepper | Salt | Black Pepper | Sour Cream | Cheddar Cheese | Green Onions,chili | beef chili | homestyle chili | chili night | bean chili,
Burgers and Hot Dogs,Dinner Ideas,‚Äî,Ground Beef | Hot Dogs | Hamburger Buns | Hot Dog Buns | Lettuce | Tomato | Onion | Pickles | Ketchup | Mustard | Cheddar Cheese | Relish,burgers | hot dogs | burgers and dogs | cookout | bbq | backyard dinner | grillout,
Shrimp Creole,Dinner Ideas,‚Äî,Shrimp | Diced Tomatoes | Tomato Paste | Yellow Onion | Celery | Bell Pepper | Garlic | Cajun Seasoning | Bay Leaves | Thyme | Salt | Black Pepper | Olive Oil | White Rice | Hot Sauce,shrimp creole | creole shrimp | cajun shrimp | louisiana shrimp | shrimp and rice,
Cioppino,Dinner Ideas,‚Äî,White Fish | Shrimp | Mussels | Clam Juice | Diced Tomatoes | Tomato Paste | Yellow Onion | Garlic | Bell Pepper | Red Wine | Olive Oil | Fresh Basil | Oregano | Red Pepper Flakes | Salt | Black Pepper | Crusty Bread,cioppino | seafood stew | italian seafood | fish stew | seafood soup,
Spaghetti and Meatballs,Dinner Ideas,‚Äî,Spaghetti Pasta | Ground Beef | Ground Pork | Marinara Sauce | Parmesan Cheese | Breadcrumbs | Egg | Garlic | Yellow Onion | Fresh Parsley | Italian Seasoning | Olive Oil | Salt | Black Pepper,spaghetti | meatballs | spaghetti and meatballs | pasta and meatballs | italian pasta night,
Grilled Pizza,Dinner Ideas,‚Äî,Pizza Dough | Marinara Sauce | Mozzarella Cheese | Olive Oil | Fresh Basil | Toppings of Choice | Garlic | Salt,pizza | grilled pizza | homemade pizza | pizza night | make your own pizza,
Tilapia and Couscous,Dinner Ideas,‚Äî,Tilapia Fillets | Couscous | Olive Oil | Lemon Juice | Garlic | Cherry Tomatoes | Spinach | Parmesan Cheese | Salt | Black Pepper | Chicken Broth,tilapia | couscous | tilapia and couscous | fish and couscous | lemon tilapia,
Roman Chicken,Dinner Ideas,‚Äî,Chicken Thighs | Diced Tomatoes | Chicken Broth | White Wine | Yellow Onion | Bell Pepper | Garlic | Capers | Anchovies | Olive Oil | Fresh Parsley | Italian Seasoning | Salt | Black Pepper,roman chicken | italian chicken | chicken roman | braised chicken,
Lasagna,Dinner Ideas,‚Äî,Lasagna Noodles | Ground Beef | Ricotta Cheese | Mozzarella Cheese | Parmesan Cheese | Marinara Sauce | Egg | Garlic | Yellow Onion | Fresh Basil | Italian Seasoning | Salt | Black Pepper | Olive Oil,lasagna | baked lasagna | italian lasagna | lasagna night,
40 Clove Chicken,Dinner Ideas,‚Äî,Chicken Thighs | Garlic (40 cloves) | Olive Oil | White Wine | Chicken Broth | Fresh Thyme | Fresh Parsley | Bay Leaves | Salt | Black Pepper | Crusty Bread,40 clove | garlic chicken | forty cloves | 40 cloves of garlic | garlic roasted chicken,
Beef Tacos,Dinner Ideas,‚Äî,Ground Beef | Taco Shells | Taco Seasoning | Lettuce | Tomato | Shredded Cheddar Cheese | Sour Cream | Salsa | Yellow Onion | Fresh Cilantro | Lime Juice,beef tacos | ground beef tacos | taco night | tacos | hard shell tacos,
Ribs,Dinner Ideas,‚Äî,Baby Back Ribs | BBQ Sauce | Brown Sugar | Paprika | Garlic Powder | Onion Powder | Chili Powder | Cumin | Salt | Black Pepper | Apple Cider Vinegar,ribs | baby back ribs | bbq ribs | rib night | slow cooked ribs,
Pulled Pork,Dinner Ideas,‚Äî,Pork Shoulder | BBQ Sauce | Brown Sugar | Apple Cider Vinegar | Garlic | Yellow Onion | Chili Powder | Cumin | Paprika | Cayenne Pepper | Salt | Black Pepper | Hamburger Buns | Coleslaw Mix | Mayonnaise,pulled pork | spicy pulled pork | bbq pulled pork | pulled pork sandwiches | slow cooker pork,
Lemon Garlic Pasta,Dinner Ideas,‚Äî,Chicken Breast | Linguine Pasta | Lemon Juice | Lemon Zest | Garlic | Olive Oil | Parmesan Cheese | Fresh Basil | Roma Tomatoes | Red Pepper Flakes | Salt | Black Pepper | White Wine,lemon garlic pasta | lemon pasta | garlic pasta | pasta with chicken | chicken linguine | nigella pasta,
Roasted Chicken Dinner,Dinner Ideas,‚Äî,Whole Chicken | Carrots | Potatoes | Yellow Onion | Brussels Sprouts | Garlic | Olive Oil | Lemon | Fresh Rosemary | Fresh Thyme | Salt | Black Pepper | Butter,roasted chicken | whole roasted chicken | chicken dinner | sunday chicken | roast chicken and veggies,
Cashew Stir Fry,Dinner Ideas,‚Äî,Chicken Breast | Cashews | Broccoli | Bell Pepper | Snap Peas | Carrots | Soy Sauce | Sesame Oil | Garlic | Fresh Ginger | Rice Vinegar | Cornstarch | White Rice | Green Onions,stir fry | cashew stir fry | chicken stir fry | asian stir fry | cashew chicken,
Chicken Pasta Bordelaise,Dinner Ideas,‚Äî,Chicken Breast | Linguine Pasta | Red Wine | Beef Broth | Garlic | Yellow Onion | Mushrooms | Olive Oil | Fresh Parsley | Thyme | Salt | Black Pepper | Butter,pasta bordelaise | italian chicken pasta | wine chicken pasta | mushroom pasta | bordelaise,
Baked Penne,Dinner Ideas,‚Äî,Penne Pasta | Zucchini | Yellow Squash | Bell Pepper | Cherry Tomatoes | Marinara Sauce | Ricotta Cheese | Mozzarella Cheese | Parmesan Cheese | Olive Oil | Garlic | Italian Seasoning | Salt | Black Pepper,baked penne | penne bake | pasta bake | roasted veggie pasta | veggie penne,
Skillet Lasagna,Dinner Ideas,‚Äî,Ground Beef | Lasagna Noodles (broken) | Ricotta Cheese | Mozzarella Cheese | Marinara Sauce | Garlic | Yellow Onion | Italian Seasoning | Olive Oil | Fresh Basil | Salt | Black Pepper,skillet lasagna | one pan lasagna | easy lasagna | stovetop lasagna,
Chicken Sandwiches,Dinner Ideas,‚Äî,Chicken Breast | Ciabatta Bread | Lettuce | Tomato | Red Onion | Mayonnaise | Dijon Mustard | Olive Oil | Garlic | Italian Seasoning | Salt | Black Pepper,chicken sandwiches | ciabatta chicken | chicken subs | chicken sandwich night,
Lemon Chicken Romano,Dinner Ideas,‚Äî,Chicken Breast | Romano Cheese | All-Purpose Flour | Lemon Juice | Chicken Broth | Butter | Garlic | White Wine | Fresh Parsley | Salt | Black Pepper | Olive Oil | Eggs,lemon romano | chicken romano | romano chicken | cheesy lemon chicken,
Most Requested Chicken,Dinner Ideas,https://recipesdirect.com/recipe/most-requested-chicken,Chicken Breast | Cream of Mushroom Soup | Sour Cream | Mozzarella Cheese | Garlic | Italian Seasoning | Olive Oil | Salt | Black Pepper | Breadcrumbs,most requested chicken | creamy chicken | mushroom chicken | favorite chicken | the chicken,
Farro Bowl,Dinner Ideas,https://cooking.nytimes.com/recipes/1021817-farro-with-blistered-tomatoes-pesto-and-spinach,Farro | Cherry Tomatoes | Baby Spinach | Basil Pesto | Parmesan Cheese | Garlic | Olive Oil | Lemon Juice | Red Pepper Flakes | Salt | Black Pepper | Pine Nuts,farro bowl | farro | pesto farro | tomato farro | grain bowl | farro salad,
Chicken Broccoli Rabe Pasta,Dinner Ideas,https://giadzy.com/blogs/recipes/chicken-and-broccoli-rabe-pasta,Chicken Breast | Broccoli Rabe | Linguine Pasta | Garlic | Olive Oil | Parmesan Cheese | Red Pepper Flakes | Lemon Juice | Salt | Black Pepper | White Wine,broccoli rabe pasta | chicken rabe | rabe pasta | bitter green pasta,
Meatballs,Dinner Ideas,https://www.southernliving.com/food/dish/meatballs,Ground Beef | Ground Pork | Breadcrumbs | Egg | Parmesan Cheese | Garlic | Yellow Onion | Fresh Parsley | Italian Seasoning | Marinara Sauce | Olive Oil | Salt | Black Pepper,meatballs | southern meatballs | italian meatballs | meatball dinner | meatballs and sauce,
Pasta Salad,Dinner Ideas,https://giadzy.com/blogs/recipes/sardinian-pasta-salad,Rotini Pasta | Cherry Tomatoes | Cucumber | Red Onion | Kalamata Olives | Artichoke Hearts | Feta Cheese | Olive Oil | Red Wine Vinegar | Dijon Mustard | Fresh Basil | Salt | Black Pepper,pasta salad | sardinian pasta salad | cold pasta salad | italian pasta salad | summer pasta salad,
Shrimp Orzo,Dinner Ideas,https://www.southernliving.com/recipes/skillet-shrimp-destin-orzo,Shrimp | Orzo Pasta | Cherry Tomatoes | Garlic | Yellow Onion | Butter | White Wine | Chicken Broth | Lemon Juice | Fresh Parsley | Salt | Black Pepper | Olive Oil,shrimp orzo | orzo | lemon shrimp | shrimp pasta | destin shrimp,
Mexican Pizza,Dinner Ideas,https://tastyairfryerrecipes.com/air-fryer-mexican-pizza-recipe/,Ground Beef | Taco Seasoning | Flour Tortillas | Refried Beans | Salsa | Red Enchilada Sauce | Cheddar Jack Cheese | Black Olives | Roma Tomatoes | Shredded Lettuce | Green Onions | Sour Cream | Oil,mexican pizza | air fryer mexican pizza | taco pizza | tortilla pizza,
Cincinnati Chili,Dinner Ideas,https://cookingprofessionally.com/recipe/cincinnati-chili,Ground Beef | Kidney Beans | Diced Tomatoes | Tomato Paste | Yellow Onion | Garlic | Chili Powder | Cinnamon | Cumin | Cocoa Powder | Cayenne Pepper | Salt | Black Pepper | Spaghetti Pasta | Cheddar Cheese | Sour Cream | White Onion | Oyster Crackers,cincinnati chili | cincy chili | 5 way chili | spaghetti chili | ohio chili,
Calzones,Dinner Ideas,https://cookingprofessionally.com/recipe/calzones,Pizza Dough | Ricotta Cheese | Mozzarella Cheese | Marinara Sauce | Italian Sausage | Pepperoni | Bell Pepper | Mushrooms | Olive Oil | Garlic | Italian Seasoning | Salt | Black Pepper,calzones | calzone night | stuffed pizza | folded pizza | italian turnover,
Cheesy Chicken Rice,Dinner Ideas,https://thesaltymarshmallow.com/creamy-parmesan-one-pot-chicken-rice/,Chicken Breast | Long Grain Rice | Chicken Broth | Heavy Cream | Parmesan Cheese | Butter | Garlic | Yellow Onion | Salt | Black Pepper | Fresh Parsley,cheesy chicken rice | creamy chicken rice | one pot chicken | parmesan chicken rice | chicken and rice,
Orange Chicken,Dinner Ideas,https://cookingprofessionally.com/recipe/orange-chicken,Chicken Breast | Orange Juice | Orange Zest | Soy Sauce | Rice Vinegar | Honey | Garlic | Fresh Ginger | Cornstarch | Sesame Oil | White Rice | Green Onions | Sesame Seeds,orange chicken | asian orange chicken | chinese orange chicken | orange chicken bowl,
Creamy Seafood Ravioli,Dinner Ideas,https://www.willcookforsmiles.com/ravioli-seafood-spinach-mushrooms-garlic-cream-sauce/,Cheese Ravioli | Shrimp | Baby Spinach | Mushrooms | Heavy Cream | Garlic | Butter | Parmesan Cheese | White Wine | Olive Oil | Salt | Black Pepper | Fresh Parsley,seafood ravioli | creamy ravioli | ravioli | shrimp ravioli | mushroom ravioli | garlic cream ravioli,
Sweet Potato Enchiladas,Dinner Ideas,https://www.ahintofhoney.com/roasted-sweet-potato-black-bean-enchiladas/,Sweet Potatoes | Black Beans | Corn Tortillas | Enchilada Sauce | Shredded Cheddar Cheese | Yellow Onion | Olive Oil | Cumin | Chili Powder | Salt | Sour Cream | Fresh Cilantro | Lime Juice | Avocado,sweet potato enchiladas | enchiladas | black bean enchiladas | veggie enchiladas | mexican enchiladas,
Jambalaya,Dinner Ideas,https://spicysouthernkitchen.com/slow-cooker-jambalaya/,Andouille Sausage | Chicken Thighs | Shrimp | Diced Tomatoes | Chicken Broth | Yellow Onion | Celery | Bell Pepper | Garlic | Cajun Seasoning | Tomato Paste | Long Grain Rice | Bay Leaves | Thyme | Salt | Black Pepper | Hot Sauce,jambalaya | slow cooker jambalaya | cajun jambalaya | louisiana jambalaya | sausage jambalaya,
White Chicken Chili,Dinner Ideas,https://www.averiecooks.com/easy-30-minute-homemade-white-chicken-chili/,Chicken Breast | Great Northern Beans | Diced Green Chiles | Chicken Broth | Yellow Onion | Garlic | Cumin | Chili Powder | Sour Cream | Heavy Cream | Monterey Jack Cheese | Salt | Black Pepper | Fresh Cilantro | Lime Juice,white chili | white chicken chili | chicken chili | creamy chili | green chili,
Honey Lime Chicken,Dinner Ideas,https://blog.myfitnesspal.com/grilled-honey-lime-chicken-with-cowboy-caviar/,Chicken Breast | Honey | Lime Juice | Olive Oil | Garlic | Black Beans | Corn | Cherry Tomatoes | Red Onion | Avocado | Fresh Cilantro | Jalape√±o | Salt | Black Pepper | Cumin,honey lime chicken | cowboy caviar | grilled chicken | honey chicken | lime chicken,
Shrimp Sheet Pan,Dinner Ideas,https://www.thepioneerwoman.com/food-cooking/recipes/a93274/shrimp-tomato-sheet-pan-supper/,Shrimp | Cherry Tomatoes | Zucchini | Yellow Squash | Red Onion | Garlic | Olive Oil | Lemon Juice | Italian Seasoning | Red Pepper Flakes | Salt | Black Pepper | Crusty Bread | Fresh Basil,shrimp sheet pan | sheet pan shrimp | one pan shrimp | roasted shrimp | easy shrimp dinner,
Chicken Fajita Roll-Ups,Dinner Ideas,https://www.eatyourselfskinny.com/baked-chicken-fajita-roll-ups/,Chicken Breast | Bell Pepper | Red Onion | Flour Tortillas | Taco Seasoning | Shredded Cheddar Cheese | Sour Cream | Guacamole | Salsa | Olive Oil | Salt | Black Pepper | Fresh Cilantro | Lime Juice,fajita roll ups | chicken fajitas | fajitas | baked fajitas | chicken roll ups,
Teriyaki Chicken Bowl,Dinner Ideas,https://picky-palate.com/teriyaki-chicken-quinoa-power-bowl/,Chicken Breast | Quinoa | Teriyaki Sauce | Edamame | Shredded Carrots | Cucumber | Avocado | Sesame Seeds | Green Onions | Rice Vinegar | Sesame Oil | Olive Oil | Garlic | Salt,teriyaki bowl | teriyaki chicken | asian bowl | power bowl | quinoa power bowl,
Panko Fish,Dinner Ideas,https://livingthegourmet.com/2016/12/panko-crusted-fish-ginger-rice-salad.html,White Fish Fillets | Panko Breadcrumbs | Long Grain Rice | Fresh Ginger | Olive Oil | Lemon Juice | Soy Sauce | Garlic | Green Onions | Fresh Cilantro | Sesame Oil | Eggs | All-Purpose Flour | Salt | Black Pepper,panko fish | crispy fish | breaded fish | panko crusted | ginger rice fish,
White Wine Cod,Dinner Ideas,https://bakerbynature.com/pan-seared-cod-in-white-wine-tomato-basil-sauce/,Cod Fillets | Diced Tomatoes | White Wine | Garlic | Yellow Onion | Olive Oil | Fresh Basil | Butter | Cherry Tomatoes | Red Pepper Flakes | Salt | Black Pepper | Crusty Bread,white wine cod | pan seared cod | cod | tomato basil fish | cod dinner,
Crispy Parmesan Chicken,Dinner Ideas,https://therecipecritic.com/one-pan-crispy-parmesan-garlic-chicken-vegetables/,Chicken Breast | Parmesan Cheese | Panko Breadcrumbs | Broccoli | Carrots | Brussels Sprouts | Garlic | Olive Oil | Butter | Italian Seasoning | Salt | Black Pepper | Eggs,crispy parmesan chicken | parmesan chicken | one pan chicken | garlic parmesan chicken | crispy chicken,
Spaghetti Squash,Dinner Ideas,https://www.eatwell101.com/roasted-spaghetti-squash-recipe,Spaghetti Squash | Olive Oil | Garlic | Marinara Sauce | Parmesan Cheese | Fresh Basil | Salt | Black Pepper | Ground Beef,spaghetti squash | roasted spaghetti squash | squash pasta | low carb pasta | healthy pasta,
Hot Subs,Go-to's,‚Äî,Sub Rolls | Deli Meat (Ham/Turkey/Roast Beef) | Provolone Cheese | Lettuce | Tomato | Red Onion | Banana Peppers | Olive Oil | Red Wine Vinegar | Italian Seasoning | Salt | Black Pepper,hot subs | subs | hoagies | italian subs | sub sandwiches,
Flatbreads,Go-to's,‚Äî,Flatbread | Olive Oil | Garlic | Ricotta Cheese | Mozzarella Cheese | Zucchini | Cherry Tomatoes | Fresh Basil | Salt | Black Pepper | Balsamic Glaze,flatbreads | flatbread | ricotta flatbread | garlic flatbread,
Quesadillas,Go-to's,‚Äî,Flour Tortillas | Shredded Cheddar Cheese | Chicken Breast | Bell Pepper | Yellow Onion | Sour Cream | Salsa | Fresh Cilantro | Lime Juice | Oil,quesadillas | quesadilla | cheesy tortilla | chicken quesadilla,
Avocado Chicken Salad,Go-to's,‚Äî,Chicken Breast | Avocado | Celery | Red Onion | Lemon Juice | Olive Oil | Dijon Mustard | Salt | Black Pepper | Mixed Greens | Tortilla Chips,avocado chicken salad | chicken salad | avo chicken | creamy chicken salad,
Tortilla Soup,Go-to's,‚Äî,Chicken Breast | Corn Tortillas | Diced Tomatoes | Chicken Broth | Yellow Onion | Garlic | Bell Pepper | Cumin | Chili Powder | Sour Cream | Shredded Cheddar Cheese | Avocado | Fresh Cilantro | Lime Juice | Tortilla Strips,tortilla soup | chicken tortilla soup | mexican soup | tortilla chicken soup,
Flatbread Pizza,Go-to's,‚Äî,Flatbread | Marinara Sauce | Mozzarella Cheese | Italian Sausage | Bell Pepper | Mushrooms | Red Onion | Olive Oil | Fresh Basil | Salt,flatbread pizza | quick pizza | easy pizza | flatbread pizzas,
Chicken Nachos,Go-to's,‚Äî,Tortilla Chips | Chicken Breast | Shredded Cheddar Cheese | Black Beans | Corn | Salsa | Sour Cream | Guacamole | Jalape√±o | Fresh Cilantro | Lime Juice | Taco Seasoning,nachos | chicken nachos | nacho night | loaded nachos,
Lettuce Wraps,Healthy Meals,‚Äî,Butter Lettuce | Ground Turkey | Carrots | Cucumber | Shredded Cabbage | Soy Sauce | Rice Vinegar | Sesame Oil | Fresh Ginger | Garlic | Green Onions | Peanut Sauce | Salt,lettuce wraps | asian lettuce wraps | turkey lettuce wraps | peanut lettuce wraps,
Eggs and Spinach,Healthy Meals,‚Äî,Eggs | Baby Spinach | Butter | Garlic | Salt | Black Pepper | Milk | Feta Cheese,eggs and spinach | scrambled eggs | spinach eggs | breakfast for dinner | egg dinner,
Bone Broth Soup,Healthy Meals,‚Äî,Bone Broth | Carrots | Celery | Yellow Onion | Garlic | Sweet Potatoes | Kale | Olive Oil | Turmeric | Salt | Black Pepper | Lemon Juice | Fresh Parsley,bone broth soup | healing soup | veggie soup | turmeric soup | detox soup,
Carnitas,Healthy Meals,‚Äî,Pork Shoulder | Orange Juice | Lime Juice | Garlic | Yellow Onion | Cumin | Chili Powder | Oregano | Salt | Black Pepper | Corn Tortillas | Shredded Cabbage | Fresh Cilantro | Lime Wedges | Sour Cream,carnitas | pork carnitas | mexican pork | slow cooker carnitas | carnita tacos,
Salmon,Healthy Meals,‚Äî,Salmon Fillets | Lemon Juice | Olive Oil | Garlic | Dill | Asparagus | Cherry Tomatoes | Salt | Black Pepper,salmon | simple salmon | lemon salmon | salmon and asparagus | healthy salmon,
Lettuce Bun Burgers,Healthy Meals,‚Äî,Ground Beef | Butter Lettuce | Tomato | Red Onion | Pickles | Avocado | Dijon Mustard | Salt | Black Pepper | Cheddar Cheese,lettuce bun burgers | lettuce burgers | healthy burgers | low carb burgers | bunless burgers,
Turkey Bowl,Healthy Meals,‚Äî,Ground Turkey | Brown Rice | Black Beans | Corn | Avocado | Cherry Tomatoes | Red Onion | Fresh Cilantro | Lime Juice | Cumin | Chili Powder | Salt | Sour Cream,turkey bowl | ground turkey bowl | mexican bowl | rice bowl | healthy bowl,
Grilled Chicken and Broccoli,Healthy Meals,‚Äî,Chicken Breast | Broccoli | Olive Oil | Garlic | Lemon Juice | Salt | Black Pepper | Parmesan Cheese,chicken and broccoli | grilled chicken broccoli | simple chicken | healthy chicken dinner,
Roasted Chicken,Healthy Meals,‚Äî,Whole Chicken | Lemon | Garlic | Olive Oil | Fresh Rosemary | Fresh Thyme | Yellow Onion | Salt | Black Pepper | Butter,roasted chicken | whole chicken | simple roast | easy roasted chicken,
Mexi-Mix,Healthy Meals,‚Äî,Ground Turkey | Black Beans | Corn | Salsa | Shredded Lettuce | Tomato | Avocado | Sour Cream | Fresh Cilantro | Lime Juice | Cumin | Chili Powder | Salt | Tortilla Chips,mexi mix | mexican mix | taco bowl | mexican bowl | mexi bowl,
Pitas and Village Salad,Healthy Meals,‚Äî,Pita Bread | Cucumber | Roma Tomatoes | Red Onion | Kalamata Olives | Feta Cheese | Olive Oil | Red Wine Vinegar | Oregano | Garlic | Salt | Black Pepper | Hummus,pitas | village salad | greek salad | pita and salad | mediterranean,
Ricotta Zucchini Flatbreads,For Groups,‚Äî,Flatbread | Ricotta Cheese | Zucchini | Olive Oil | Garlic | Fresh Mint | Lemon Zest | Salt | Black Pepper | Honey | Walnuts,ricotta flatbreads | zucchini flatbread | appetizer flatbread | party flatbread,
Beet and Goat Cheese Salad,For Groups,‚Äî,Beets | Goat Cheese | Mixed Greens | Walnuts | Balsamic Glaze | Olive Oil | Red Wine Vinegar | Dijon Mustard | Salt | Black Pepper | Honey,beet salad | goat cheese salad | beet and goat cheese | roasted beet salad,
Grilled Peach Dessert,For Groups,‚Äî,Peaches | Vanilla Ice Cream | Honey | Cinnamon | Butter | Brown Sugar | Crushed Graham Crackers | Whipped Cream,grilled peaches | peach dessert | bobby flay peaches | summer dessert | grilled fruit,
Chicken Wild Rice Casserole,For Groups,‚Äî,Chicken Breast | Wild Rice | Cream of Mushroom Soup | Chicken Broth | Yellow Onion | Celery | Garlic | Butter | Salt | Black Pepper | Fresh Parsley | Thyme | Sour Cream | Shredded Mozzarella Cheese,chicken casserole | wild rice casserole | chicken wild rice | comfort casserole | group dinner casserole,
Autumn Chopped Salad,Salads,https://therecipecritic.com/autumn-chopped-salad-creamy-poppyseed-dressing/,Mixed Greens | Apple | Dried Cranberries | Candied Pecans | Blue Cheese | Red Onion | Olive Oil | Apple Cider Vinegar | Honey | Poppy Seeds | Dijon Mustard | Salt | Black Pepper,autumn salad | chopped salad | poppyseed salad | fall salad | apple salad,
Strawberry Bruschetta,Desserts,https://emilybites.com/2016/07/strawberry-balsamic-bruschetta.html,French Baguette | Strawberries | Balsamic Vinegar | Honey | Fresh Mint | Mascarpone Cheese | Olive Oil | Salt,strawberry bruschetta | bruschetta | dessert bruschetta | strawberry balsamic | summer dessert,